iter	Logloss
0	0.4471237792
1	0.4040206222
2	0.3825180685
3	0.3715877048
4	0.3565739154
5	0.3478027917
6	0.3444271346
7	0.3398444293
8	0.3350367902
9	0.3320675619
